Nr_packets_up,Nr_packets_down,Bytes_up,Bytes_down,Bursts,Bytes_in_bursts,Trace_time,Answer
47,85,5501,121754,79,58690,0.290321,2012_094
49,87,5720,123564,81,59867,0.272978,2012_094
47,86,5513,123302,69,50630,0.28725,2012_094
47,85,4996,123208,69,51976,0.288786,2012_094
45,84,5325,121660,69,50893,0.273938,2012_094
45,84,4808,121660,73,54165,0.279122,2012_094
47,83,5501,120112,77,57437,0.275474,2012_094
45,86,5337,123302,66,48906,0.27957,2012_094
50,86,5866,123374,81,58055,1.135249,2012_094
47,84,5501,121660,77,57437,0.267282,2012_094
46,87,5425,124850,67,49184,0.28469,2012_094
51,89,5951,125837,67,48154,1.157714,2012_094
48,87,5613,123469,73,52735,0.282705,2012_094
47,85,5513,121754,85,63920,0.302097,2012_094
47,84,5501,120206,79,60071,0.280593,2012_094
47,85,5513,123208,73,53963,0.279634,2012_094
58,106,6481,153251,88,65790,1.139264,2012_094
46,84,5413,121660,71,52529,0.292881,2012_094
47,82,5513,118564,73,55248,0.278033,2012_094
47,82,5501,118564,77,58508,0.275026,2012_094
214,309,21561,468759,343,276033,0.565777,2011_208
222,309,22540,466019,268,213597,1.478801,2011_208
210,305,21133,462567,313,251401,0.550417,2011_208
214,313,21010,473497,311,247842,0.569937,2011_208
224,319,27804,472330,335,265062,0.905297,2011_208
211,308,21241,465757,313,251252,0.567313,2011_208
206,306,20745,464121,324,259672,0.561217,2011_208
212,310,21409,470307,324,261077,0.576529,2011_208
218,307,21929,465663,299,239885,0.565841,2011_208
213,309,21413,468759,325,260905,0.563794,2011_208
214,310,21525,468859,303,242836,0.583185,2011_208
221,310,22405,468853,347,279412,0.569426,2011_208
215,311,21601,470401,327,262348,0.554001,2011_208
208,296,20953,448635,321,256610,0.534097,2011_208
206,312,20613,471949,305,245587,0.565777,2011_208
212,304,21337,458204,333,266283,0.56277,2011_208
222,306,22736,462661,303,243386,0.598609,2011_208
212,310,21265,470307,343,275637,0.574993,2011_208
216,313,21748,472211,327,261301,0.554065,2011_208
205,310,20581,468853,319,257251,0.563729,2011_208
